{"_timestamp":1.774811522902973e+09,"_step":6500,"val_loss":1.9179250494584494,"val_bpb":1.1359032457871592,"lr_scale":0.0004,"grad_norm":0.03739667311310768,"_runtime":7802.380040465,"_wandb":{"runtime":7802},"train_loss":1.9827053546905518,"step_avg_ms":697.5618967327575}