{"step_avg_ms":1337.06,"_timestamp":1.7745278305633738e+09,"train_loss":3.8262,"_wandb":{"runtime":454},"_runtime":454.938437552,"_step":50,"val_loss":3.7856,"val_bpb":2.2421}